id,name,username,email,age,gender,country,followers_count,following_count,posts_count
1,Sabrina Garrett,wzavala,stanley25@green.com,35,Other,Bangladesh,330,9,223
2,Alexander Thompson,andrea62,james30@yahoo.com,28,Male,Georgia,177,244,432
3,Angela Smith,meganbarnes,gonzalesandrew@reed.net,41,Male,Heard Island and McDonald Islands,816,615,299
4,Zachary Wright,stephanie74,denise73@gmail.com,37,Male,Cape Verde,140,717,76
5,Pamela Rodriguez,linda56,reneeclay@gmail.com,40,Other,Aruba,565,794,48
6,Monica Mercado,ashley38,jacksonkaren@schaefer-bartlett.com,38,Female,Central African Republic,746,168,478
7,Joseph Powell,avilacatherine,samuelcollins@hotmail.com,46,Male,Costa Rica,714,404,477
8,Mr. Nicholas Aguirre,maria01,nelsonbrenda@allen-pacheco.net,56,Female,Anguilla,669,828,289
9,Shelly Taylor,lthompson,michaelcoleman@hotmail.com,52,Male,Burundi,24,987,262
10,Michael Smith,gbarrera,daniel38@yahoo.com,33,Female,Brazil,688,669,324
11,Andrew Rodriguez,espinozaheather,yparrish@thomas.info,31,Male,Congo,762,967,7
12,Anthony Hanson,osloan,valerie68@page.com,48,Female,Guam,387,828,110
13,Keith Robinson,kingmelvin,craig70@solomon.info,51,Male,Rwanda,700,854,47
14,Stephanie Mitchell,kelly27,meganjenkins@rush.com,53,Other,Spain,907,472,402
15,Tyler Caldwell,beth75,ericmeyer@brown.com,57,Female,Venezuela,799,386,49
16,Sarah Fernandez,james13,pdavis@hotmail.com,22,Female,Libyan Arab Jamahiriya,13,442,169
17,Omar Williams,shelly24,qgonzalez@arnold.com,19,Female,Romania,841,377,172
18,Ethan Parker,timothy27,kcarlson@yahoo.com,46,Other,Mauritius,314,719,457
19,Matthew Cook,yserrano,kmyers@wilson.com,48,Male,Cook Islands,711,897,78
20,Cody Fox,brandonpruitt,emily39@yahoo.com,59,Female,Barbados,539,674,233
21,Latasha Sanchez,susandillon,rdunlap@brown.com,55,Other,Mali,753,658,232
22,James Snyder,hinesdakota,keithjones@stanley.biz,53,Other,Finland,561,97,135
23,Adam Richardson,matthew88,vlopez@forbes-guzman.com,36,Male,Ukraine,698,189,244
24,Nancy Mclaughlin,carrieburke,dpierce@allen-fischer.net,43,Female,Saint Helena,477,63,150
25,Erik Wilson,ucombs,valdezmadison@hotmail.com,19,Male,Haiti,381,690,373
26,Maurice Ruiz,fraziersarah,timothy75@garcia.info,49,Male,Brunei Darussalam,533,750,48
27,Karen Villegas,vargassharon,mdavis@hotmail.com,52,Male,Germany,722,374,25
28,Carrie Gordon,changanna,cvelez@wheeler.com,40,Other,Heard Island and McDonald Islands,245,437,313
29,Zachary Jensen,benitezoscar,benjamincarrillo@farley.com,47,Female,Malaysia,919,779,297
30,Jamie Owens,johnsonkatelyn,medinaglen@villegas.com,28,Female,Nauru,438,40,331
31,Joshua Clark,paulnorman,joshua68@gilbert-reeves.com,52,Other,Aruba,309,454,14
32,Nicole Martinez,rodrigueznichole,alexanderdaniel@schmidt-lopez.net,44,Other,Swaziland,392,707,409
33,Haley Harper,steinmark,umartin@hahn.net,23,Female,Suriname,946,712,126
34,Rachel Collins,nelsonleslie,hensonjohn@jones-goodman.com,40,Other,Germany,761,644,291
35,Gloria Hansen,beltranbrent,nataliehanson@gmail.com,25,Other,Greece,214,637,95
36,Alicia Buck,julianibarra,bradleykathleen@king.com,47,Female,Kuwait,371,253,364
37,Mrs. Patricia Martinez,dawn51,ghart@mcgee.com,37,Male,Dominica,197,429,61
38,Bridget Vega,craignelson,rileymegan@green-green.com,32,Other,Belgium,609,71,305
39,Alvin Washington,coxkeith,shannondavis@gmail.com,30,Other,Guatemala,340,869,310
40,Lisa Castillo,omiller,shawnturner@hotmail.com,40,Other,Congo,893,386,486
41,Timothy Malone,davidanderson,ehatfield@williams.biz,37,Female,Saint Kitts and Nevis,850,538,494
42,David Jones,brianchoi,harold74@hotmail.com,47,Other,Ethiopia,588,545,338
43,Rebecca Guzman,barryjeff,caitlynenglish@hotmail.com,21,Female,Turks and Caicos Islands,248,421,130
44,Tyrone Deleon,qjuarez,rebecca88@serrano.com,20,Male,Estonia,174,161,69
45,Judith Brown,norrisapril,rhughes@yahoo.com,23,Female,Nigeria,439,396,24
46,Evan Roberts,robert06,jordan35@henderson.com,47,Female,Uruguay,485,222,216
47,Benjamin Wall,fconway,richardsonbrittany@mcclure.com,27,Female,Yemen,76,830,209
48,Erin Harris,cooperdanny,monicajones@castaneda.info,39,Female,Turkmenistan,780,231,247
49,Mackenzie Chapman,pbeasley,pmaldonado@hotmail.com,52,Male,Argentina,7,512,367
50,Robert Mills,pereztheresa,delgadokelly@schneider-morales.com,25,Male,Bangladesh,306,99,152
51,Molly Bailey,kathleen39,ramosmonica@yahoo.com,35,Female,Pitcairn Islands,458,147,317
52,Angelica Lopez,twilliamson,iharvey@avila.com,51,Other,Slovakia (Slovak Republic),600,484,252
53,William Garza,bennettsharon,daniel00@henry-lopez.com,32,Male,Qatar,319,711,468
54,Ricky Bell,rothanna,christopher56@davila.com,43,Female,Brunei Darussalam,862,218,61
55,Corey House,robert24,robinsonrobert@yahoo.com,21,Male,Reunion,15,677,488
56,Alexandra Carter,pamelaherrera,claire25@smith.org,58,Female,Malta,808,958,79
57,Jerry Burgess,jaylewis,benjaminmoore@vaughn-berger.biz,24,Other,Israel,583,933,14
58,William Harris,uramirez,robertcrosby@ayers-day.net,59,Female,Indonesia,62,954,99
59,Justin Mason,monica35,blakemahoney@guzman.com,36,Female,Macao,804,87,434
60,Abigail Acosta,mayangel,wortiz@hotmail.com,60,Female,Cayman Islands,826,565,356
61,Thomas Bowman,christopheraustin,idavis@wright.net,40,Female,Belize,233,52,464
62,Lauren Livingston,denise34,heathermoore@rodriguez.com,51,Female,Taiwan,968,428,272
63,Sarah Thomas,denisestrickland,jessicaconway@navarro.net,46,Other,Spain,274,733,148
64,Lauren Campbell,brandongardner,kirk02@gmail.com,26,Male,Togo,621,184,21
65,Matthew Luna,charlesking,cperez@yahoo.com,32,Female,Papua New Guinea,755,710,359
66,Sharon Bryant,halllinda,ijackson@carrillo.com,31,Female,Andorra,194,556,383
67,Eugene Lee,yhumphrey,fsanchez@yahoo.com,18,Female,Bolivia,416,897,392
68,John Dickson,michael06,martha07@gmail.com,51,Male,Bolivia,810,180,368
69,Jennifer York,hphillips,obrienchristopher@andrews.com,36,Other,British Virgin Islands,193,884,126
70,Ashley King,amartinez,christopher96@noble-wright.org,51,Male,Senegal,354,184,40
71,James Bauer,brownmaria,xbarker@knox-ashley.com,26,Other,Malta,804,460,69
72,Caitlin Castillo,vsanchez,luismiller@yahoo.com,42,Male,Kiribati,324,426,184
73,Nicole Johnson,allisonstephanie,christopher34@gmail.com,47,Female,Zambia,856,35,3
74,Jay Winters,donnacox,joshua41@cohen.com,26,Female,Kiribati,120,119,165
75,Thomas Alvarez,ronniesmith,nstevens@gmail.com,59,Female,Monaco,135,244,141
76,Christopher Sherman,zchaney,drios@hotmail.com,53,Other,Guadeloupe,218,130,36
77,Mr. Kevin Kim DDS,glloyd,travis50@hotmail.com,37,Male,Costa Rica,852,719,484
78,Stacy Barron,youngscott,felicia53@gmail.com,23,Other,New Caledonia,172,356,310
79,Frank Warren,chadguerrero,mreyes@smith-pierce.biz,27,Other,Jersey,946,433,258
80,John Byrd MD,jonathon49,kellerpatrick@gmail.com,47,Other,Angola,209,590,441
81,Justin Lee,christine26,santoschristian@hotmail.com,40,Female,Dominican Republic,564,70,367
82,Nancy Williams,ginasmith,flee@richardson.com,40,Other,Madagascar,803,919,29
83,Megan Gomez,barbara73,ricecharles@duke.com,48,Female,Pitcairn Islands,792,170,134
84,Jennifer Orozco,yangchristopher,zhernandez@gmail.com,53,Female,British Virgin Islands,75,630,64
85,Angela Daniels,michael72,james31@davis.com,24,Other,Guatemala,954,288,329
86,Mark Ray,joysnyder,courtneyprince@yahoo.com,39,Other,Czech Republic,276,539,332
87,Ana Foster,stacywallace,jhunter@evans.org,31,Other,Colombia,545,870,3
88,Tamara Austin,alanthomas,eweber@silva.org,24,Other,Tajikistan,294,322,229
89,Thomas Williams,kaylanelson,maryjohnson@thompson-george.info,56,Other,Brunei Darussalam,486,324,347
90,Brandon Steele,martinezjessica,laura57@hotmail.com,32,Other,Rwanda,984,670,146
91,Sophia Rogers,gholland,lmaynard@hampton.biz,57,Male,Faroe Islands,23,757,228
92,Todd Green,martinparker,joshuahunt@murray.com,23,Male,Germany,197,972,213
93,Cynthia Clark,jessica45,arthur31@gmail.com,25,Other,Malta,132,180,406
94,Amy Green,vanessawright,norristhomas@hotmail.com,50,Other,French Guiana,15,688,283
95,Jonathan Romero,jessicadawson,robert96@yahoo.com,42,Female,Montserrat,629,79,468
96,Tim Robinson,chad31,bakerjason@yahoo.com,51,Female,British Indian Ocean Territory (Chagos Archipelago),700,154,310
97,Lori Marshall,zsilva,parksherry@schneider.com,47,Female,Montserrat,206,390,189
98,Jessica Tran,valdezeduardo,nicholsdwayne@hotmail.com,57,Other,Cocos (Keeling) Islands,830,466,141
99,Cesar Graham,johnsonmelissa,wrighttracey@johnson.net,54,Other,Iraq,670,168,125
100,Gregory Williams,garciakaren,hdixon@miller-finley.com,33,Male,Qatar,90,595,21
